1,Officiis perferendis impedit ipsa earum.,19,19,Non.,03-12-2021
2,Similique quis vel nulla enim perferendis.,20,20,Ad.,27-12-2021
3,Architecto a quisquam repellat.,11,11,Ipsam.,15-01-2022
4,Molestiae autem et voluptatum aut consequuntur porro.,17,10,Quo.,08-01-2022
5,Ducimus laborum sapiente voluptatem placeat occaecati.,20,15,Aut.,15-12-2021
6,Omnis in quisquam et suscipit.,13,13,Deleniti.,05-01-2022
7,Praesentium ut commodi qui.,11,17,Accusamus.,29-12-2021
8,Provident et ut molestias voluptatem consequatur libero.,19,13,Velit pariatur.,03-01-2022
9,Temporibus illo molestiae explicabo dignissimos dicta exercitationem.,17,18,Et.,25-01-2022
10,Sapiente adipisci corrupti dolor temporibus velit.,15,16,Ut accusantium.,30-12-2021
11,Aliquid incidunt beatae aperiam.,16,14,Quod fugit.,05-01-2022
12,Voluptatem repellendus eius nemo est perspiciatis ut sit.,15,19,Quae odio.,26-12-2021
13,Architecto occaecati dolores neque voluptatem.,10,18,Id consequuntur.,17-12-2021
14,Explicabo fugit impedit odit velit nihil numquam.,12,10,Expedita similique.,27-11-2021
15,Nihil nam molestiae culpa saepe voluptatem magni.,20,14,Iste.,01-01-2022
16,Explicabo rem fuga dignissimos odit.,17,14,Dicta.,03-12-2021
17,Ut architecto dolorem voluptatem officia inventore qui.,16,16,Est.,20-01-2022
18,Magni illum quae corporis voluptatum ullam quis.,17,14,Aut.,06-12-2021
19,Rerum quisquam possimus rerum vel.,14,16,Et.,27-12-2021
20,Debitis soluta aspernatur alias animi quia.,20,18,Id.,30-12-2021
21,Nam qui hic ea.,16,14,Animi.,10-12-2021
22,Sed ipsum natus illum repellat.,17,12,Sit.,07-12-2021
23,Et ut tenetur qui nobis.,16,13,Molestiae error.,21-12-2021
24,Eos dolorem praesentium debitis.,15,12,Minus dolorem.,21-01-2022
25,Ut minima eum tempore ratione laboriosam.,17,12,Nulla quibusdam.,22-01-2022
26,Ullam rem blanditiis ut laboriosam.,17,13,Sint similique.,02-01-2022
27,Quia esse assumenda ab harum.,13,11,Soluta.,16-01-2022
28,Est eum quis eum quibusdam.,20,14,Facere eveniet.,12-12-2021
29,Aut blanditiis totam cupiditate omnis sed repudiandae.,18,20,Ipsam.,27-12-2021
30,Sit ratione minima cumque.,20,13,Temporibus.,06-01-2022
31,Explicabo unde reiciendis assumenda incidunt.,17,14,Quia excepturi.,25-12-2021
32,Est ut consequatur odio.,17,19,Ad similique.,25-01-2022
33,Error et voluptatum voluptates libero fuga distinctio.,17,16,Excepturi.,07-01-2022
34,Consequatur dolore velit est voluptate.,15,13,Minus aut.,27-12-2021
35,Quasi inventore culpa sed.,20,10,Vitae saepe.,10-12-2021
36,Qui voluptatem provident suscipit dolores fugit.,13,14,Et nostrum.,08-01-2022
37,Nam eius delectus dignissimos amet.,10,15,Odio est.,16-01-2022
38,Repellat mollitia ratione sunt accusantium corporis.,12,17,Nulla et.,07-12-2021
39,Et qui repudiandae sit.,11,20,Laudantium ea.,26-12-2021
40,Repellat minus et voluptas fugit omnis eveniet.,17,10,Fugit ut.,16-12-2021
41,Dignissimos possimus nulla harum.,15,19,Rerum.,14-12-2021
42,Laudantium suscipit expedita rerum repudiandae.,17,17,Enim perferendis.,02-12-2021
43,Labore velit suscipit qui illum commodi ut.,11,18,Rerum praesentium.,04-01-2022
44,Expedita odio nam quo quasi.,10,11,Minus.,17-12-2021
45,Esse tempore unde totam quam voluptatum.,10,14,Corrupti rem.,24-01-2022
46,Consequuntur eum expedita dolorum dolor corrupti.,14,11,Provident ullam.,25-12-2021
47,Nemo aut omnis animi totam aspernatur.,18,10,Voluptas explicabo.,09-01-2022
48,Animi eos blanditiis harum dolor.,13,13,Assumenda.,27-12-2021
49,Omnis qui repellendus dolores quo.,14,20,Aperiam qui.,11-01-2022
50,Eligendi quos qui quibusdam possimus distinctio.,14,16,Autem.,28-11-2021
51,Et iure voluptatem quia.,11,13,Eum minima.,17-01-2022
52,Soluta tenetur consequatur quas molestiae quidem debitis cumque.,11,12,Qui dolor.,03-12-2021
53,Tenetur fugit aliquam eaque tempora sit quia.,14,10,Voluptatem quis.,19-12-2021
54,Iure voluptatem odit soluta neque quasi sit.,17,13,Voluptates.,30-11-2021
55,Quos et odit laborum eum.,16,13,Tenetur.,17-12-2021
56,Est enim quos saepe rerum aut.,16,15,Libero.,23-12-2021
57,Iste numquam ut laboriosam commodi molestias.,13,18,Quam.,17-12-2021
58,Omnis dolor quia ea fuga voluptatem.,19,12,Veritatis amet.,12-12-2021
59,Ut ratione suscipit reprehenderit quam ullam.,10,10,Facilis sit.,19-12-2021
60,Et et est earum ut perspiciatis.,17,15,Asperiores sapiente.,06-01-2022
61,Reprehenderit fugit aut veniam aliquid.,15,12,Delectus aut.,17-01-2022
62,Voluptates excepturi id nam modi nisi odit.,13,12,Quo eius.,12-01-2022
63,Hic dicta consequatur id quibusdam id sed.,15,18,Est.,18-12-2021
64,Totam corporis ea nihil vero delectus.,10,18,Quia.,16-01-2022
65,Ducimus nihil dolore et tempora esse.,19,18,Id.,08-01-2022
66,Sint autem voluptas amet.,13,10,Cupiditate.,16-01-2022
67,Provident sunt nemo eveniet in.,15,15,Tenetur.,18-12-2021
68,Natus id recusandae numquam.,20,17,Et.,07-01-2022
69,Molestiae ratione et aut voluptatum.,12,16,Perspiciatis.,28-11-2021
70,Officiis aliquam eum ipsum sed.,17,14,Doloribus doloremque.,06-01-2022
71,Et ullam quam consectetur.,18,16,Adipisci aspernatur.,12-01-2022
72,Tempora earum est voluptatem.,17,15,Eos.,27-12-2021
73,Et cupiditate sit dolor rem.,14,15,Tempora in.,15-12-2021
74,Dignissimos hic est iure consequuntur.,19,16,Vel.,06-01-2022
75,Ea optio sit vero voluptatibus magnam consequuntur.,13,11,Minus asperiores.,14-12-2021
76,Blanditiis atque nemo velit quis error consequuntur.,19,11,Atque.,20-01-2022
77,Vitae distinctio possimus velit.,19,15,Alias.,20-01-2022
78,Dolor voluptatem nihil fugiat voluptatum.,12,10,Dolorem hic.,12-12-2021
79,Nisi qui ipsam reprehenderit voluptas.,17,16,Nulla.,21-01-2022
80,Rem ut aperiam non.,20,16,Corporis ipsum.,23-12-2021
81,Corporis qui at voluptates sit.,15,19,Corrupti corporis.,24-12-2021
82,Exercitationem quae voluptate odit aliquid illo.,10,15,Deserunt culpa.,31-12-2021
83,Laboriosam occaecati eligendi molestiae eius vero fugiat.,10,15,Voluptas voluptate.,30-11-2021
84,Autem quia aliquam enim voluptates amet rem.,19,18,Molestias.,26-11-2021
85,Cumque earum eum ut laudantium qui.,20,16,Corporis illum.,16-01-2022
86,Et delectus quibusdam ad.,18,13,Autem.,09-12-2021
87,Eum ad id quos eos.,15,11,Molestiae.,15-12-2021
88,Sint necessitatibus corporis rem earum.,17,19,Illo.,02-12-2021
89,Perspiciatis ut minima reprehenderit officia dolor cupiditate.,18,14,Perferendis voluptatem.,03-01-2022
90,Delectus nulla nobis fugit.,16,20,Sunt.,29-11-2021
91,Nihil dolorum et quo molestiae est sequi.,17,15,Sit.,01-01-2022
92,Aut et et nemo ut doloremque alias.,15,19,Totam optio.,22-12-2021
93,Qui reiciendis quam odio.,17,12,Qui.,07-12-2021
94,Et ipsa eaque qui expedita vero et.,16,18,Nulla.,07-01-2022
95,Tenetur cumque ut sed recusandae ea minus.,10,19,Voluptatem.,19-01-2022
96,Occaecati dicta aut quos officia.,14,12,Suscipit enim.,05-01-2022
97,Similique ipsam deleniti omnis non id.,18,18,Rerum.,28-11-2021
98,Maiores quia et et aut pariatur quia.,16,14,Cupiditate pariatur.,03-01-2022
99,Et accusantium est iure ipsum exercitationem.,15,13,Iure autem.,19-01-2022
100,Voluptate blanditiis reiciendis dolores aut ut.,10,10,Atque quo.,29-12-2021
101,Et debitis inventore a dolores ratione necessitatibus.,13,12,Reiciendis quas.,09-12-2021
102,Et autem amet assumenda illum hic.,11,15,Qui amet.,05-01-2022
103,Eos quis rerum iusto ipsam ut iure.,17,18,Pariatur voluptatem.,24-01-2022
104,Non quod qui est.,12,18,Dolor vitae.,09-12-2021
105,Nihil vel libero modi rem debitis.,14,20,Dolorum voluptas.,05-01-2022
106,Voluptatum qui ducimus iusto nihil explicabo itaque.,16,19,Nesciunt inventore.,09-12-2021
107,Fugit sunt nobis veniam assumenda.,10,10,Qui quae.,03-12-2021
108,Aut nihil doloribus modi rem.,12,19,Omnis.,30-12-2021
109,Voluptatem neque ratione voluptatem veritatis.,11,19,Et vero.,27-12-2021
110,Expedita et ut eaque odio consectetur.,16,16,Facilis.,05-12-2021
111,Quia consequuntur nam omnis ut ea.,13,12,Voluptatem.,30-11-2021
112,Velit dolorem et nostrum quia itaque corrupti.,17,17,Id ea.,05-01-2022
113,Et sint rerum dolores laborum.,20,16,Quas.,10-01-2022
114,Ex maxime est nam repudiandae voluptas.,18,17,Tempora occaecati.,21-01-2022
115,Aut provident officia in sed.,12,14,Sit.,29-12-2021
116,Ex accusamus dolor sit officiis.,12,15,Rerum et.,06-12-2021
117,A doloremque error animi ipsam saepe.,13,12,Illo nulla.,21-12-2021
118,Et fuga sit commodi.,17,18,Et.,29-11-2021
119,A expedita et odit quia.,19,16,Odio itaque.,31-12-2021
120,Iure nihil nemo reprehenderit voluptatem.,15,13,Hic.,20-01-2022
121,In molestias vel occaecati temporibus.,15,15,Porro tenetur.,02-01-2022
122,Expedita quod dolores similique iure praesentium fugit.,12,14,Eius.,05-12-2021
123,Sint ipsam voluptatem labore.,20,10,Delectus.,07-01-2022
124,Enim voluptates accusamus est molestiae dolores iure.,20,15,Iure.,25-12-2021
125,Aut adipisci in ut vel odit.,15,11,Deleniti.,15-01-2022
126,Ut quia rerum quo.,16,17,Vero ut.,16-01-2022
127,Incidunt aperiam saepe quia est nulla.,11,12,Quidem perspiciatis.,25-12-2021
128,Alias aut iste aliquam ducimus.,16,12,Velit.,01-12-2021
129,Corporis aspernatur unde tempore saepe velit.,13,15,Eum consequatur.,25-12-2021
130,Suscipit quia consectetur molestiae et itaque soluta.,19,13,Ex magnam.,29-11-2021
131,Omnis et quam et hic totam.,13,18,Sunt.,10-01-2022
132,Omnis eos nemo ut quia.,17,17,Ipsam.,22-12-2021
133,Ad voluptatem rem quod porro ut non.,12,17,Temporibus rerum.,12-01-2022
134,Reiciendis eius enim ea ipsam corrupti.,19,15,Qui.,09-12-2021
135,Officiis esse corporis at facere.,19,15,Distinctio.,30-12-2021
136,Assumenda doloremque architecto autem et.,17,12,Numquam.,06-01-2022
137,Quaerat expedita et enim sed.,12,11,Nesciunt.,27-12-2021
138,Sit sunt omnis modi.,10,10,Consequuntur.,06-12-2021
139,Ullam at quaerat quis.,11,11,Doloremque.,29-11-2021
140,Facilis culpa perspiciatis fugit asperiores possimus reiciendis.,19,16,Ratione.,18-01-2022
141,Ut facere repellat nam laboriosam perspiciatis quod.,19,16,Esse.,27-12-2021
142,Cumque officiis est quibusdam dolorem esse quaerat.,13,13,Voluptas.,20-01-2022
143,Quia sed consequatur et corrupti.,16,14,Dolores tempora.,23-01-2022
144,Asperiores dolor sit qui.,13,18,Nam.,29-11-2021
145,Velit quos qui amet.,19,15,Voluptatem.,28-11-2021
146,Ut ea aut dolore vero sit tempore.,16,17,Doloremque ratione.,03-12-2021
147,Mollitia iste impedit ipsa tempore.,11,16,Laboriosam.,20-01-2022
148,Rem rerum dolores vel voluptatem et.,15,14,Harum doloremque.,14-12-2021
149,Dignissimos eos quaerat rerum voluptatem vel et.,11,16,Occaecati.,03-12-2021
150,Officiis veniam ut saepe provident error deserunt.,20,17,Distinctio.,03-01-2022
151,Repellat quaerat dolorem aut libero.,14,14,Reprehenderit accusamus.,18-12-2021
152,Aliquid voluptates rem architecto placeat assumenda.,19,14,Eum autem.,05-12-2021
153,Dolorem quo nihil error consequatur.,17,20,Repellendus.,30-12-2021
154,Consequuntur quia ut recusandae asperiores et laboriosam.,20,12,Occaecati mollitia.,07-12-2021
155,Tempora amet fugit sit.,15,20,Eveniet.,21-01-2022
156,Rem distinctio vel repudiandae culpa.,10,19,Esse inventore.,27-11-2021
157,Esse aut cumque cupiditate necessitatibus.,14,19,Iure ullam.,22-01-2022
158,Et rerum molestias temporibus consequuntur.,15,20,Qui.,30-12-2021
159,Aut nemo id ut.,18,17,In.,15-01-2022
160,Minima quas asperiores ut.,17,11,Ad perferendis.,26-11-2021
161,Aut qui architecto suscipit ut.,12,10,Aliquid.,30-12-2021
162,Possimus aut at ut aut aut porro.,10,10,Mollitia enim.,24-12-2021
163,In dolorum qui repellat doloribus.,14,20,Expedita.,09-12-2021
164,Esse iusto minima delectus voluptate.,20,10,Exercitationem.,22-12-2021
165,Asperiores et fugit non dolor est voluptas.,13,18,Eum.,29-12-2021
166,Repellendus quam nam qui sint.,17,13,Fugiat voluptas.,22-01-2022
167,Eligendi fuga quis corrupti porro doloribus.,16,10,Expedita.,26-12-2021
168,Similique error fugiat magni est labore ut.,14,15,Est.,22-12-2021
169,Adipisci aut totam necessitatibus saepe.,15,19,Reiciendis nostrum.,21-12-2021
170,Sit nostrum at pariatur dolorem tenetur.,18,16,Assumenda voluptas.,01-12-2021
171,Dicta optio atque rerum ut qui non.,18,17,Sint repudiandae.,21-12-2021
172,Sint neque voluptatem in similique.,18,14,Non.,09-12-2021
173,Consequuntur ex accusamus vel recusandae ratione ipsam.,11,12,Et sit.,13-01-2022
174,Vero earum et id.,13,10,Iusto exercitationem.,28-12-2021
175,Modi maiores at cum quibusdam dolorem porro.,14,15,Fugit.,01-01-2022
176,Corrupti sit porro maxime molestiae necessitatibus.,18,19,Est autem.,12-12-2021
177,Veritatis quibusdam eos incidunt.,17,10,Recusandae.,16-01-2022
178,Corrupti nostrum voluptas autem maiores ea.,19,17,Quidem aliquid.,08-01-2022
179,Quibusdam expedita voluptatibus dolores.,12,15,Officia aut.,24-12-2021
180,Porro occaecati earum tenetur quo voluptatem alias.,20,14,Perspiciatis.,21-12-2021
181,Dolorem nobis eius nemo et.,10,20,Voluptates quaerat.,13-01-2022
182,Modi nobis asperiores iure.,15,12,Error.,04-01-2022
183,Dolorum qui odio autem ut sit.,16,18,Ea.,22-01-2022
184,Recusandae et quaerat voluptatem illum sit aperiam.,10,11,Soluta.,29-12-2021
185,Tempore vel voluptatem eos minus.,17,11,Et et.,23-12-2021
186,Ut beatae voluptatibus dolorem praesentium pariatur.,16,18,Aperiam.,25-01-2022
187,Quia non qui esse ut molestiae.,19,20,Veniam est.,02-01-2022
188,Fugiat eius voluptatem ut voluptatem nesciunt.,19,19,Non.,18-12-2021
189,Ullam sunt repudiandae distinctio dolores id eaque.,17,10,Ut.,23-01-2022
190,Quos rerum delectus libero.,13,20,Temporibus.,11-12-2021
191,Praesentium aut culpa nihil ut.,17,16,Hic.,09-01-2022
192,Voluptatem aut et commodi dignissimos aperiam nulla.,18,15,Fuga sit.,17-01-2022
193,Quidem ipsum assumenda corrupti.,11,16,Sint qui.,05-12-2021
194,Sequi iure accusantium saepe dolorum.,18,12,Veniam aut.,24-01-2022
195,Voluptas sunt dolores deserunt.,12,19,Rerum.,19-12-2021
196,Aut sint deserunt totam.,11,11,Dolore adipisci.,11-12-2021
197,Ad consequuntur voluptatem quia.,10,15,Maxime minima.,27-12-2021
198,Odio quasi possimus itaque.,10,12,Sunt.,25-01-2022
199,Animi itaque fugit velit non occaecati numquam.,20,20,Recusandae.,02-01-2022
200,Nam culpa temporibus provident nam.,11,19,Maiores quaerat.,30-11-2021
201,Officiis qui quia et et similique.,15,13,Sed.,29-11-2021
202,Qui consequatur eos ad libero et.,16,10,Modi.,16-12-2021
203,Adipisci facilis et et eum.,10,11,Possimus.,27-12-2021
204,Dolorem voluptatum esse atque odio aut eius.,20,20,Eligendi.,11-12-2021
205,Et aut quasi sit quis.,11,10,Sunt.,14-12-2021
206,Delectus temporibus beatae quibusdam eius.,16,16,Debitis quo.,10-01-2022
207,Et minima mollitia voluptatibus dolores in.,15,16,Nam sunt.,06-01-2022
208,Id corporis porro aperiam laboriosam.,11,15,Corporis.,11-12-2021
209,Non ut dolores enim quisquam quisquam accusamus.,20,13,Incidunt ducimus.,30-12-2021
210,Laudantium autem quas laborum voluptatibus.,11,19,Et.,14-01-2022
211,Est quaerat quo soluta.,10,11,Qui.,26-01-2022
212,Odit sapiente rerum sunt.,19,17,Aut quaerat.,07-01-2022
213,Labore ut qui aut magni quia.,16,11,Incidunt assumenda.,19-12-2021
214,Nobis enim sed aspernatur laudantium ea.,11,17,Corporis corrupti.,09-12-2021
215,Quam excepturi mollitia autem rerum cumque.,18,16,Atque.,13-01-2022
216,Non qui autem quidem aut non necessitatibus.,14,10,In.,22-12-2021
217,Sed libero maiores consequatur.,20,20,Nostrum.,16-01-2022
218,Voluptas et eligendi asperiores occaecati amet voluptatem.,16,10,Harum veniam.,28-11-2021
219,Nihil ab alias officiis placeat.,13,15,Alias consequatur.,18-12-2021
220,Provident error quia nihil possimus.,16,11,Vitae animi.,22-01-2022
221,Rerum ratione aut quisquam consectetur.,17,18,Et omnis.,29-11-2021
222,Totam earum iure dolores omnis provident.,12,19,Quae.,27-12-2021
223,Voluptatem distinctio necessitatibus accusamus.,19,19,Non voluptatem.,06-01-2022
224,Sit et suscipit quia dignissimos fuga.,18,12,Provident.,16-01-2022
225,Id aut qui debitis sunt.,14,16,Delectus pariatur.,19-01-2022
226,Rerum omnis earum quo natus.,18,16,Sed beatae.,24-01-2022
227,Ea sit porro rerum quod aliquid.,17,10,Necessitatibus.,13-01-2022
228,Voluptates et officiis placeat maiores saepe.,16,14,Saepe inventore.,01-12-2021
229,Est autem odit aut.,16,20,Doloremque repellendus.,07-01-2022
230,Dolores sit nisi eum quas iste minima.,11,19,Aperiam est.,01-12-2021
231,Sit unde et harum eligendi impedit sed.,12,19,Omnis.,07-12-2021
232,Ad esse aut blanditiis ut aut sunt.,17,18,Dolorum.,22-01-2022
233,Sed atque quibusdam eos non accusamus et.,17,20,Consequatur doloribus.,29-12-2021
234,Aliquid ad cum est amet velit error.,19,14,Non.,17-01-2022
235,Soluta laborum aut voluptas aut velit qui.,11,13,Adipisci.,11-01-2022
236,Omnis at molestiae in non.,12,20,Laudantium.,22-12-2021
237,Sunt sunt et sint.,14,17,Dolorem.,07-01-2022
238,Hic temporibus laboriosam mollitia accusantium facere ut.,20,20,Neque.,19-12-2021
239,Qui veritatis iure quis.,10,20,Nisi velit.,19-01-2022
240,Itaque et sapiente illum.,16,20,Cupiditate.,14-01-2022
241,Voluptatem vero neque eligendi aliquid voluptates voluptatem.,11,11,Voluptatem.,20-01-2022
242,Minima sunt quibusdam doloremque dolores optio exercitationem.,17,20,Velit.,21-01-2022
243,Qui ut doloribus ea eos qui.,20,14,Sit et.,06-12-2021
244,Odio doloremque aliquid odit ut labore aut.,10,20,Aut quo.,17-12-2021
245,Quia qui voluptatem doloremque libero maiores.,20,13,Eaque sapiente.,10-12-2021
246,Et ut in voluptatem sapiente.,18,11,Sit.,21-01-2022
247,Vel dolorem ducimus dolores est inventore.,14,12,Non rerum.,27-11-2021
248,In ut veritatis cum voluptates et est.,19,20,Dicta.,17-12-2021
249,Provident quibusdam quam velit ea nisi numquam.,15,19,Natus qui.,30-12-2021
250,Rem alias neque blanditiis vero sed.,10,10,Suscipit possimus.,20-01-2022
251,Quasi officiis accusamus nobis.,14,16,Alias.,10-12-2021
252,Iste molestiae debitis ab.,17,13,Quia similique.,07-12-2021
253,Alias eos sit consectetur libero repellat.,12,20,Qui.,02-01-2022
254,Ut distinctio rem aut velit rerum qui.,13,10,Debitis repellendus.,16-12-2021
255,Autem eum omnis illo.,14,16,Nihil.,25-12-2021
256,Dicta sint et voluptate vel.,13,11,Ex velit.,16-12-2021
257,Deleniti aut consequatur ipsa voluptas.,18,19,Iste.,01-01-2022
258,Quo at qui laboriosam.,10,10,Qui repellendus.,18-12-2021
259,Dolorem beatae ipsum quis dolores ipsa.,14,11,Aut fugiat.,28-11-2021
260,Quo recusandae veniam nostrum nobis ut voluptate.,14,20,Omnis.,01-12-2021
261,Est soluta in magnam suscipit et autem.,12,19,Repudiandae nemo.,07-01-2022
262,Sequi voluptatem voluptatibus at eius.,13,20,Ad velit.,04-12-2021
263,Fuga expedita numquam quae blanditiis cumque cum.,20,12,Culpa sunt.,29-11-2021
264,Ea magnam molestias ducimus pariatur tempora.,11,20,Iusto.,03-12-2021
265,Maiores sint tempora explicabo veritatis.,17,11,Ratione harum.,19-12-2021
266,Quia molestiae quisquam aut id numquam et.,12,10,Voluptate dolorem.,03-12-2021
267,Ea provident vitae hic vel.,19,20,Dolorum.,24-12-2021
268,Sint nisi quia sed ipsum.,15,16,Quam cupiditate.,19-12-2021
269,Laborum error quia qui.,10,18,Vero.,15-01-2022
270,Qui nisi totam corrupti est illum totam.,10,14,Nihil molestias.,04-12-2021
271,Culpa iure doloribus et doloribus iure.,15,10,Soluta.,21-12-2021
272,Velit consequatur laudantium aliquam voluptates.,11,11,Quia.,03-12-2021
273,Quidem rerum rerum repellendus.,14,13,Ut ab.,05-12-2021
274,Libero optio accusantium expedita blanditiis ut nemo.,12,20,Ut.,30-12-2021
275,Qui tenetur hic libero.,20,13,Perspiciatis ut.,20-12-2021
276,Dolores consequatur incidunt quo officia sunt.,16,10,Voluptas.,11-01-2022
277,Voluptatem fuga possimus ea expedita deleniti modi.,10,20,Amet hic.,30-12-2021
278,Et ut deserunt qui ad dolorum quae.,18,13,Aut enim.,11-12-2021
279,Est debitis officia animi ducimus dolorum cum.,13,17,Dolore repellendus.,04-12-2021
280,Et repudiandae dolorum distinctio.,19,20,Rerum.,04-12-2021
281,Nostrum temporibus dolorum nobis hic labore.,11,13,Voluptatem rerum.,02-01-2022
282,Non similique inventore quasi nulla voluptate debitis.,14,17,Nisi.,22-01-2022
283,Et dolorum non ea.,14,11,Cumque ab.,05-12-2021
284,Voluptas consectetur nesciunt praesentium rerum ea mollitia.,15,14,Est.,30-12-2021
285,Ipsam ut commodi nesciunt ad.,14,16,Sint est.,06-01-2022
286,Alias nam expedita et asperiores magni.,11,20,Quos eos.,25-01-2022
287,Sed placeat temporibus sunt eveniet.,13,10,Nostrum odit.,03-01-2022
288,Minus et pariatur nihil impedit aut.,14,12,Sit voluptatibus.,28-12-2021
289,Amet eius velit cum aut aut.,17,16,Id.,24-01-2022
290,Qui magni reprehenderit hic.,19,17,Molestiae aut.,14-01-2022
291,Voluptas ipsum fugiat consequatur debitis.,11,10,Aut.,06-01-2022
292,Hic cumque laborum autem.,16,13,Sit in.,14-12-2021
293,Nesciunt ducimus velit quae rem.,12,18,Sit rerum.,20-12-2021
294,Quia quis rem mollitia voluptate ea odit.,13,14,Eius.,12-01-2022
295,Necessitatibus debitis nulla quia itaque dolore ut autem.,16,15,Sit.,21-01-2022
296,Deleniti quo occaecati autem omnis voluptas esse.,11,10,Sapiente ea.,13-12-2021
297,Est dolore dolores a nobis.,20,12,Aut perferendis.,27-11-2021
298,Est suscipit labore sit est debitis.,17,13,Quidem vero.,28-12-2021
299,Incidunt dolor libero culpa.,10,13,Eligendi accusamus.,10-01-2022
300,Omnis at rerum cum iste eaque.,10,11,Aliquam eos.,08-12-2021
301,Atque ratione aut dignissimos adipisci.,13,11,Ipsum in.,29-12-2021
302,Rem in quaerat aut dolore voluptatibus.,15,20,Porro est.,03-12-2021
303,Accusamus voluptatibus corrupti aliquam et.,18,17,Soluta delectus.,26-11-2021
304,Molestiae deleniti vel voluptas perspiciatis voluptatibus.,17,15,Blanditiis voluptatem.,13-12-2021
305,Sunt id omnis alias iure.,11,19,Incidunt.,27-11-2021
306,Rerum cupiditate autem nobis cum consequuntur.,20,18,Facere aut.,31-12-2021
307,Non voluptatem iste eveniet ad voluptatem.,19,17,Corporis sint.,22-12-2021
308,Quos maxime excepturi dolorem.,10,16,Dolor dolorem.,05-12-2021
309,In cupiditate eum nulla.,18,17,Necessitatibus dolorum.,25-01-2022
310,Aut quis vel similique fuga unde illum.,18,19,Ratione.,18-01-2022
311,Quas autem officia eveniet.,13,17,Deleniti autem.,17-01-2022
312,Quisquam dolorem eaque et.,10,15,Praesentium.,29-12-2021
313,Ex omnis eum repudiandae.,12,14,Eos.,11-01-2022
314,Repellat ea temporibus sapiente eveniet deserunt eos.,19,15,Et veniam.,21-01-2022
315,Laudantium ea enim dolor est.,15,19,Expedita beatae.,08-01-2022
316,Et earum perferendis mollitia suscipit.,12,19,Similique aut.,21-12-2021
317,Rem provident vitae ipsum voluptas labore.,11,16,Atque.,11-01-2022
318,Cupiditate ea praesentium voluptas aliquid amet.,17,15,Veritatis.,27-12-2021
319,Debitis rerum et debitis odit est quibusdam.,15,13,Facere necessitatibus.,05-12-2021
320,Voluptatem in laudantium suscipit.,16,12,Error.,19-12-2021
321,Doloremque dolorem ipsum aut sequi.,14,14,Dolorum.,01-01-2022
322,Dicta voluptatum nihil fuga.,12,20,Ullam tempora.,20-01-2022
323,Consequatur ea eos quasi quasi doloribus reiciendis.,12,16,Dolore eum.,27-11-2021
324,Inventore sint in explicabo quo molestiae.,12,10,Sunt.,29-12-2021
325,Possimus laborum in ab laborum.,10,20,Aut velit.,14-01-2022
326,Beatae debitis laudantium repellendus cum.,20,17,Ad dicta.,25-12-2021
327,Odit quaerat molestias inventore nihil.,14,15,Consequatur et.,10-01-2022
328,Rerum suscipit libero numquam a aperiam labore.,19,18,Velit earum.,30-12-2021
329,Nobis eos eligendi corrupti id odio voluptas maxime.,13,17,Itaque.,18-01-2022
330,Blanditiis ullam dolores quibusdam qui.,19,12,At cupiditate.,01-01-2022
331,Quisquam ea dolore aperiam minima et neque.,15,20,Voluptas.,04-12-2021
332,Et iure consequatur iste.,20,18,Quas.,17-12-2021
333,Consequatur qui itaque sit velit.,17,15,Libero dolor.,13-12-2021
334,Quos placeat similique aut et voluptate et.,13,14,Sunt.,03-01-2022
335,Esse doloremque ut ullam.,18,10,Doloremque.,05-01-2022
336,Molestiae assumenda sapiente ipsam maiores.,19,20,Ea.,13-01-2022
337,Et occaecati quo placeat labore minima.,11,17,Ipsam est.,01-12-2021
338,Laboriosam magni adipisci voluptates laudantium rerum itaque.,12,14,Tenetur.,18-12-2021
339,Cum facilis qui ipsa similique.,19,13,Consequatur perferendis.,24-12-2021
340,Qui ratione labore possimus qui quod vel.,19,10,Fugit.,17-12-2021
341,Eum et quis nostrum debitis.,19,19,Corporis.,16-12-2021
342,Quis explicabo voluptas eaque fugit et nostrum.,12,15,Sunt sunt.,21-01-2022
343,Velit temporibus quisquam autem.,12,17,Ex non.,27-12-2021
344,Eum delectus ipsam asperiores vitae.,15,16,Hic esse.,08-12-2021
345,Occaecati omnis optio quae assumenda molestias debitis.,12,20,Sit.,10-12-2021
346,Non excepturi perferendis et.,12,17,Numquam ut.,24-01-2022
347,Optio impedit et quisquam est autem.,20,18,Omnis veniam.,19-12-2021
348,Non provident in illo sit unde voluptas.,17,19,Magnam natus.,16-12-2021
349,Excepturi id rerum nesciunt iste.,16,10,Debitis.,02-01-2022
350,Possimus odit fugiat debitis consequuntur tempora labore.,15,10,Id.,31-12-2021
351,Dolorum similique rerum quisquam asperiores sequi dignissimos.,20,14,Omnis.,09-12-2021
352,Totam quidem asperiores et animi sint debitis.,20,11,Voluptatem sed.,03-01-2022
353,Dolorem pariatur repellendus consequatur.,12,13,Architecto.,04-12-2021
354,Expedita voluptas suscipit non voluptatibus velit.,15,10,Dolorem exercitationem.,14-12-2021
355,Omnis quae sequi eaque accusantium consequuntur.,16,14,Sed.,15-01-2022
356,Quod fugit eos molestiae doloremque voluptatem dolorum.,19,14,Expedita impedit.,22-01-2022
357,Similique qui in voluptatem.,10,15,Quos non.,14-01-2022
358,Quidem ea eligendi aut.,11,19,Doloribus.,11-01-2022
359,Consectetur magni aut enim assumenda ut.,11,17,Aperiam quaerat.,04-01-2022
360,Ipsa error consequatur tempore et.,16,20,Quo quia.,23-01-2022
361,Laborum atque harum molestiae expedita.,10,17,Temporibus.,12-12-2021
362,Aut labore cumque animi repudiandae et.,17,17,Voluptates maxime.,23-12-2021
363,Qui sit ullam maxime officiis.,12,18,Nihil nemo.,09-12-2021
364,Et quam dolorem in et.,19,20,Nam est.,01-01-2022
365,Quasi quasi cum sunt hic omnis.,10,13,Ut rerum.,13-01-2022
366,Dolores ad consequatur ut numquam deserunt distinctio.,16,13,Numquam et.,08-01-2022
367,Quisquam ex optio ea dolorum sed et.,20,11,Molestiae corporis.,01-01-2022
368,Tempore veniam rerum aut.,19,17,Et aspernatur.,25-12-2021
369,Quia velit deleniti deleniti explicabo ipsa dignissimos.,11,19,Aut.,10-12-2021
370,Animi quis cumque sed.,18,14,Unde.,09-01-2022
371,Assumenda minus occaecati dolores dolores voluptatem.,13,11,A.,18-12-2021
372,Omnis sit similique et.,13,19,Vel omnis.,21-12-2021
373,Sapiente fugit dolor quam consectetur dolor possimus.,11,16,Excepturi excepturi.,24-12-2021
374,Aperiam recusandae alias ut tenetur laboriosam temporibus.,20,14,Corrupti id.,26-11-2021
375,Amet fugit similique ea.,15,13,Itaque.,28-12-2021
376,Labore veritatis laboriosam facere.,20,15,Quisquam debitis.,08-12-2021
377,Deserunt error ea vero omnis quia ut.,15,11,Laudantium.,10-12-2021
378,Tempore laborum veniam voluptas.,19,15,Molestiae.,25-01-2022
379,Dolorem mollitia aut sed magnam.,20,13,Nostrum.,13-12-2021
380,Est omnis aut fugiat eius vel.,20,12,Velit.,22-12-2021
381,Quo ut saepe qui.,17,15,Doloribus.,08-01-2022
382,Magni placeat vel nemo unde.,10,10,Rerum corrupti.,12-01-2022
383,Fuga est quo consequatur perspiciatis beatae.,13,12,Nihil saepe.,07-01-2022
384,Non mollitia consectetur aperiam.,19,19,Distinctio.,30-11-2021
385,Commodi repudiandae quam animi.,16,20,Excepturi.,09-01-2022
386,Beatae laboriosam doloremque molestias reiciendis.,15,11,Nobis natus.,06-01-2022
387,Facilis sed rem minus.,12,15,Eum itaque.,20-12-2021
388,Odio illo animi voluptas repellat magni.,11,20,Consequuntur.,23-01-2022
389,Quam non aut sed.,20,11,Vero.,12-01-2022
390,Dicta et voluptatem rerum in aut aliquid.,12,12,Distinctio dolorem.,04-01-2022
391,Iure eius nam qui autem.,11,17,Dolores recusandae.,19-12-2021
392,Officiis facere ea autem veritatis minima delectus.,17,14,Aspernatur.,05-12-2021
393,Est quam asperiores et velit distinctio numquam.,17,14,Optio nulla.,25-01-2022
394,Tenetur magnam voluptatem sunt quam dolorum ut.,20,19,Itaque.,10-12-2021
395,Placeat placeat exercitationem et deserunt nisi nihil.,10,13,Provident.,02-01-2022
396,Sint itaque repudiandae ratione velit.,16,10,Qui.,13-12-2021
397,Quis praesentium saepe eligendi.,20,12,Qui.,19-01-2022
398,Dolor sit voluptates voluptas accusantium aut.,11,12,Cupiditate.,26-12-2021
399,Iure ut at id sit.,15,17,Repudiandae.,13-12-2021
400,Vel sunt ut porro quos quae.,13,11,Veniam voluptas.,20-01-2022
401,Rem est aut alias cum quia.,12,14,Rerum rerum.,19-01-2022
402,Quisquam sunt minima reiciendis fugiat sunt.,15,17,Aut.,14-12-2021
403,Modi non nemo sequi enim magnam et beatae.,16,17,Amet error.,10-01-2022
404,Adipisci beatae aut placeat aperiam.,10,10,Cumque consequuntur.,26-12-2021
405,Est unde dolorum sed corrupti quia dolorem.,16,14,Laudantium et.,29-11-2021
406,Est magni est dolorem et.,13,12,Est omnis.,04-12-2021
407,Est nihil tenetur modi commodi tempora enim.,16,18,Et consectetur.,21-01-2022
408,At nemo autem minus et omnis amet.,16,15,Officiis.,21-12-2021
409,Quia ex minima corrupti.,19,14,Et.,20-12-2021
410,Est eaque corrupti voluptas.,11,17,Fugit.,12-12-2021
411,Alias eum facilis asperiores similique occaecati sapiente.,16,10,Ea.,26-11-2021
412,Aut provident itaque itaque sequi voluptas temporibus.,14,11,Repellat.,31-12-2021
413,Repellendus quisquam maxime corporis.,10,16,Cumque.,11-12-2021
414,Aliquid quaerat occaecati corporis mollitia eum.,14,13,Rem ad.,21-01-2022
415,Est blanditiis accusantium quas.,18,18,Laborum.,23-01-2022
416,Expedita harum aliquid magni.,11,18,Consequatur enim.,04-12-2021
417,Minus qui iusto minima nostrum.,14,11,Praesentium.,06-01-2022
418,Id quia et architecto.,17,18,Omnis.,14-12-2021
419,Nesciunt vitae dolorem beatae est nobis.,12,10,Voluptas.,07-12-2021
420,Placeat est dicta vel.,15,18,Dolorem qui.,22-12-2021
421,Nesciunt necessitatibus animi molestiae quisquam.,20,13,Reprehenderit repellendus.,08-12-2021
422,Ab omnis voluptas et est rerum quam.,10,12,Maxime qui.,03-01-2022
423,Inventore numquam iusto sed eligendi sed eos.,10,10,Quia.,30-11-2021
424,Illum ut deserunt voluptatem voluptatum vero.,19,10,Sed.,30-12-2021
425,Culpa molestiae sed voluptatem error.,14,17,Temporibus labore.,26-01-2022
426,Accusamus consectetur omnis amet.,17,19,Quis.,21-12-2021
427,Reiciendis cupiditate temporibus et aut.,13,12,Voluptas est.,15-01-2022
428,Velit molestias soluta repudiandae at in in.,11,16,Sint provident.,10-01-2022
429,Molestiae totam quod numquam et voluptate qui.,17,17,Molestias molestiae.,15-12-2021
430,Impedit ratione ab necessitatibus numquam enim.,17,14,At nisi.,03-12-2021
431,Facere incidunt impedit aspernatur sunt.,19,11,Architecto.,02-01-2022
432,Vitae est ipsa reprehenderit non similique.,11,13,Dolor.,07-12-2021
433,Repellendus dolorem facere explicabo.,10,18,Dicta.,22-12-2021
434,Suscipit inventore qui ea.,12,11,Dolores nemo.,21-01-2022
435,Vel voluptatem vel voluptatum.,17,12,In ab.,20-01-2022
436,Autem libero incidunt enim officiis incidunt.,17,20,Laborum.,11-12-2021
437,Ad quia sapiente voluptate.,18,12,Enim voluptatum.,02-12-2021
438,Asperiores ut soluta autem.,11,11,Accusamus.,27-11-2021
439,Quia dolores ex nesciunt exercitationem qui.,16,13,Nemo ex.,17-12-2021
440,Consequatur commodi quia omnis cum enim.,10,11,Quam.,30-11-2021
441,Accusantium voluptatem aspernatur quibusdam.,18,19,Explicabo et.,27-11-2021
442,Quia necessitatibus doloremque dolorem eos ut.,14,14,Quod.,28-11-2021
443,Cupiditate nihil culpa sed ut.,11,14,Voluptatem dolorum.,08-01-2022
444,Fugit cupiditate voluptatem sapiente.,13,11,Nisi eos.,26-11-2021
445,Sint voluptatem eligendi enim dolorem eum.,10,13,Autem.,12-01-2022
446,Sed libero et suscipit.,10,18,Eum porro.,02-12-2021
447,Veritatis distinctio voluptas et aperiam qui consectetur.,18,12,Sed totam.,22-01-2022
448,Sequi voluptatum aut non assumenda beatae.,11,16,Veniam aliquid.,27-12-2021
449,Consequuntur ut laudantium eum veniam at aut.,19,13,Fuga.,13-01-2022
450,In accusamus ut delectus dolorem.,12,11,Eos reprehenderit.,04-12-2021
451,Fuga ipsum repellat autem.,13,15,Maxime.,10-12-2021
452,Maxime fugit sit provident accusantium quia.,19,16,Nulla perspiciatis.,17-12-2021
453,Reprehenderit voluptatum placeat molestias adipisci.,16,20,Quasi praesentium.,17-01-2022
454,Est tempora vitae doloribus repudiandae.,20,19,Similique excepturi.,21-01-2022
455,Quibusdam commodi vel voluptas ut voluptatem molestiae.,14,11,Tempore.,31-12-2021
456,Voluptatem itaque maxime suscipit provident.,11,13,Enim aut.,08-12-2021
457,Cumque sed eum illo ullam ut odio.,12,19,Dolor.,11-12-2021
458,Ipsam deserunt autem sit.,13,14,Beatae.,15-12-2021
459,Ipsam ut qui aut delectus labore eos.,18,19,Quia fuga.,18-01-2022
460,Totam corporis et enim.,14,16,Maxime.,19-12-2021
461,Et omnis voluptatum laboriosam aspernatur consequatur.,19,19,In sit.,19-12-2021
462,Sequi iure quasi laboriosam.,13,17,Aut.,08-12-2021
463,Ut quam accusamus et suscipit.,15,12,Laudantium.,21-01-2022
464,Omnis ex voluptatem est quaerat ipsam.,18,18,Sequi quibusdam.,29-12-2021
465,Minima sit sit beatae nihil cumque.,14,16,Ipsa quos.,21-12-2021
466,Ut dolores voluptas repudiandae id accusamus.,17,18,Sed voluptatem.,19-01-2022
467,Fuga reiciendis placeat nesciunt ea.,10,16,Enim.,27-12-2021
468,Facere voluptatem qui voluptas praesentium libero.,12,19,Fugiat numquam.,01-01-2022
469,Quia voluptatem adipisci ex nihil maiores.,20,15,Non.,16-12-2021
470,Cum nihil molestias reiciendis vero ducimus.,18,18,Nisi.,04-01-2022
471,Et sapiente culpa aut harum enim qui.,13,13,Facilis est.,24-12-2021
472,Vitae cum quia et reiciendis sit.,18,10,Autem.,16-12-2021
473,Inventore autem neque reprehenderit quis.,18,13,Reprehenderit.,23-01-2022
474,Qui reprehenderit quam mollitia illo vel excepturi.,19,13,Ea et.,15-01-2022
475,Velit sit optio nobis sint.,13,15,Saepe.,23-12-2021
476,Alias et perferendis et et neque.,15,15,Ea totam.,02-01-2022
477,Voluptatibus qui cumque a qui sint itaque.,16,20,Non et.,15-01-2022
478,Vero nulla expedita qui.,13,12,Nihil error.,10-12-2021
479,Quam laudantium eveniet ratione saepe exercitationem.,20,16,Atque.,03-12-2021
480,Consequatur perferendis blanditiis sunt doloribus.,14,16,Iste rerum.,29-12-2021
481,Asperiores ea aut sint voluptatem.,20,20,Occaecati.,16-01-2022
482,Molestiae facilis laboriosam aliquid porro delectus.,11,16,Dolorum voluptates.,10-12-2021
483,Sequi quasi quos deserunt deserunt omnis.,20,14,Recusandae.,29-12-2021
484,Deleniti soluta quis rerum vero aliquam rerum.,13,13,Dolores ut.,08-01-2022
485,Velit laboriosam dolorum inventore debitis dolorem doloremque.,10,19,Laborum tempora.,16-01-2022
486,Autem corrupti quia unde.,15,10,Id dolor.,19-12-2021
487,Sint quod facere est voluptatum.,20,12,Repellendus.,20-01-2022
488,Et libero aut aliquid.,11,16,Dolorum rerum.,12-12-2021
489,Ea et alias dolorem fugit possimus.,15,17,Exercitationem aperiam.,09-01-2022
490,Est ratione dicta et maxime tempora.,14,19,Iusto nobis.,30-11-2021
491,Ad facere soluta vitae expedita.,14,17,Rerum et.,08-01-2022
492,Incidunt nihil et quo sint consequatur.,19,15,Velit.,07-12-2021
493,Culpa sit excepturi optio et sapiente.,18,20,Nobis.,21-01-2022
494,Quia et eos in facere dolores.,17,20,Non amet.,18-01-2022
495,Enim tempore cupiditate quia laborum.,15,12,Quia.,14-01-2022
496,Deleniti in at quisquam unde omnis.,15,14,Quis incidunt.,17-01-2022
497,Sint dicta reprehenderit incidunt nulla dolor.,16,10,Saepe.,19-12-2021
498,Magnam non nobis dolorum necessitatibus quia totam.,15,12,Harum.,11-12-2021
499,Recusandae eum soluta veniam.,13,15,Dolore.,12-01-2022
500,In et laboriosam ipsum excepturi laboriosam atque.,16,20,Omnis.,23-12-2021
501,Est nam cupiditate earum necessitatibus sapiente.,16,15,Qui.,28-11-2021
502,Ducimus vero quia at.,14,10,Deserunt facere.,08-01-2022
503,Ea incidunt consectetur eos excepturi.,11,15,In.,13-12-2021
504,Fugiat quia quo aut et.,15,17,Autem.,27-12-2021
505,Molestiae quia possimus at et provident.,17,16,Quaerat nemo.,29-12-2021
506,Omnis dolor dolores soluta recusandae repudiandae inventore.,14,11,Perferendis neque.,08-01-2022
507,Voluptatibus ut eveniet temporibus et neque perferendis quia.,19,15,Iusto.,29-12-2021
508,Cumque tenetur debitis minima qui voluptas eos.,10,17,Deleniti.,12-12-2021
509,Tempore in qui explicabo dolor ex.,14,14,Repellat.,18-12-2021
510,Et sapiente dolores omnis.,17,13,Ea.,08-12-2021
511,Unde voluptatem et excepturi repellendus aut.,20,20,Eos sit.,07-01-2022
512,Nihil officiis et hic quasi pariatur repellendus.,17,15,Et dolore.,04-01-2022
513,Consequuntur ad necessitatibus omnis commodi.,12,11,Sed quibusdam.,11-12-2021
514,Tenetur vitae dolore repellat fugiat est.,12,10,Possimus.,09-01-2022
515,Omnis quas non magnam saepe.,12,16,A.,04-01-2022
516,Consequatur officiis sed impedit aliquam.,17,19,Exercitationem.,02-01-2022
517,Voluptatem qui animi enim soluta.,16,17,Aspernatur.,02-12-2021
518,Provident aut sed distinctio sapiente quis enim.,11,18,Consequatur velit.,31-12-2021
519,Repellat sit quisquam minima iste totam harum.,17,11,Itaque cumque.,27-12-2021
520,Non odio est omnis non rerum.,17,15,Nihil rerum.,07-01-2022
521,Rem sed sit ratione.,16,20,Est nesciunt.,18-12-2021
522,Aut nihil provident ut inventore quos.,12,16,Occaecati.,28-12-2021
523,Corrupti ducimus et qui nam.,18,19,Ea.,09-12-2021
524,Dolore fugiat sed saepe saepe ut.,20,16,Quia deserunt.,18-01-2022
525,Molestiae nostrum eligendi est esse rerum autem quibusdam.,18,20,Amet.,13-12-2021
526,Mollitia voluptas eum delectus unde et.,13,11,Qui.,02-12-2021
527,Enim voluptate explicabo pariatur.,19,10,Atque quo.,02-01-2022
528,Voluptatum impedit porro voluptatem iusto.,18,20,Omnis ipsam.,09-01-2022
529,Et quisquam quam sed ad eos.,10,12,Eos.,05-01-2022
530,Non labore impedit est nulla.,16,10,Reprehenderit eligendi.,10-01-2022
531,Veniam sequi doloremque nihil eum.,16,17,Sit et.,03-01-2022
532,Omnis praesentium at molestiae recusandae voluptatem dolorum.,13,18,Nulla.,11-01-2022
533,Eum enim sunt facilis voluptas possimus voluptatum.,15,15,Saepe inventore.,05-12-2021
534,Nihil ducimus et doloremque ratione id unde.,19,17,Dolor.,30-11-2021
535,Perferendis quia neque non ipsa esse.,10,15,Fugiat.,15-01-2022
536,Necessitatibus quia accusamus quisquam non incidunt voluptate.,12,15,Est.,29-12-2021
537,Adipisci quaerat aut eum voluptas eligendi ab.,12,14,Enim et.,15-01-2022
538,Consequuntur expedita dolor temporibus nihil quos necessitatibus.,16,13,Non deserunt.,23-01-2022
539,Exercitationem expedita rerum consequatur.,16,12,Corrupti.,07-01-2022
540,Nemo nam ex et architecto minima.,20,13,Voluptas molestiae.,04-01-2022
541,Repudiandae aut voluptas vel.,16,18,Harum molestias.,25-01-2022
542,Exercitationem culpa necessitatibus voluptas iste et alias.,16,16,Eius in.,17-12-2021
543,Atque consequatur quae quas dolor cumque.,12,10,Ut.,09-01-2022
544,Sint hic sint iure.,18,18,Omnis doloribus.,14-01-2022
545,Distinctio placeat vero vero.,14,20,Assumenda laborum.,02-12-2021
546,Fugit excepturi inventore qui non est itaque.,12,11,Omnis sed.,31-12-2021
547,Unde et aut qui.,11,19,Ullam.,23-01-2022
548,Ut ut sit molestias animi.,12,15,Praesentium.,13-01-2022
549,Omnis magnam officia sit laborum eveniet maxime.,17,20,Et.,19-12-2021
550,Sed veniam dolores fugit sed ipsum.,20,15,Ea.,23-12-2021
551,Quod facere ipsam quod sint et.,15,14,Minima et.,30-11-2021
552,Nesciunt id sed dolorem totam.,18,20,Iste dolorum.,21-01-2022
553,Ad consequatur quisquam non accusantium et debitis.,18,14,Mollitia aut.,14-01-2022
554,Et sit dolor magnam delectus totam.,11,10,Ea.,23-12-2021
555,Mollitia eveniet est ut dolores illum earum.,19,13,Ut.,11-12-2021
556,Laudantium nemo eveniet dolor magnam.,20,10,Aut.,21-12-2021
557,Et sapiente qui nulla eum eum omnis.,16,13,Est suscipit.,02-01-2022
558,Labore veniam perferendis sint ut.,14,10,Alias.,12-12-2021
559,Ad libero in nobis.,13,10,Autem.,11-12-2021
560,Ipsa numquam minus aut velit maiores.,18,20,Reiciendis.,09-01-2022
561,Voluptatem soluta voluptates architecto vero.,14,10,Dicta.,19-01-2022
562,Et reiciendis esse nostrum quod doloremque totam.,11,20,Repellat.,28-12-2021
563,Modi sequi numquam non illum.,10,10,Corporis ut.,11-12-2021
564,Eos veritatis a beatae saepe expedita.,12,17,Voluptatum aut.,11-01-2022
565,Ut iste eos voluptatibus ipsam autem magnam.,16,16,Qui.,10-01-2022
566,Recusandae provident est ab officiis.,12,11,Inventore.,28-11-2021
567,Occaecati vitae nostrum dignissimos voluptatum.,15,17,Ut hic.,28-12-2021
568,Voluptatem commodi ipsum enim.,10,20,Maiores necessitatibus.,05-01-2022
569,Quam tenetur et voluptatem dolorum.,12,17,Voluptate.,20-12-2021
570,Velit debitis nisi asperiores fugiat.,10,20,Soluta aliquam.,01-01-2022
571,Eum et laudantium eligendi quia at.,14,16,Incidunt eum.,20-01-2022
572,Maiores ipsum illo neque quo.,12,15,Ea id.,03-12-2021
573,Id eum non eum.,18,11,Vero.,20-12-2021
574,Itaque nesciunt quis et.,19,14,Numquam aliquid.,10-12-2021
575,Incidunt praesentium in quo ab cum.,13,12,Molestiae.,19-01-2022
576,Ipsum itaque mollitia aspernatur odio.,16,16,Vel.,27-11-2021
577,Omnis omnis ea fugiat et aut nihil.,20,19,Nobis pariatur.,27-11-2021
578,Maxime enim quidem ex itaque est quisquam.,15,18,Autem.,28-11-2021
579,Magni molestias quis quo enim.,11,10,Rerum.,08-12-2021
580,Ipsam quisquam atque aut hic qui.,11,19,Voluptates.,27-12-2021
581,Eveniet sit ratione officia omnis est.,19,13,Iusto hic.,27-11-2021
582,Non ut consectetur error.,14,14,Aliquid.,04-12-2021
583,Ab nesciunt vero consectetur.,12,20,Ad tempora.,24-12-2021
584,Dolor dicta autem sit.,14,17,Ab quis.,21-01-2022
585,Ut magni tenetur sint eveniet odio quidem.,14,18,Unde.,01-01-2022
586,Magni itaque perspiciatis non reprehenderit qui magni.,13,10,Dolorum corrupti.,12-01-2022
587,Maiores est perferendis autem et.,13,15,Quisquam.,15-01-2022
588,Est est eum iste sequi quibusdam.,13,17,Eum.,08-12-2021
589,Quasi exercitationem fugiat autem vitae.,11,16,Dolores totam.,30-12-2021
590,Et architecto rerum ratione voluptatibus dignissimos minima.,18,17,Ex aspernatur.,14-12-2021
591,Dolore velit illum accusamus quisquam.,17,20,Molestiae.,23-12-2021
592,Quos veniam dolorum rem aut.,20,19,Cum.,02-12-2021
593,Sit non voluptatum deleniti rerum aut beatae.,20,18,Quia quis.,12-12-2021
594,Consequuntur et sequi fugiat repudiandae animi ut.,18,14,Sed.,20-01-2022
595,Non sit vel adipisci excepturi similique ab.,12,11,Deserunt dolorem.,10-01-2022
596,Delectus id autem natus perferendis.,12,20,Suscipit odio.,08-01-2022
597,Assumenda rerum nulla deleniti est consequuntur.,16,14,Maxime quia.,22-12-2021
598,Suscipit dignissimos voluptas similique consectetur.,18,11,Recusandae sit.,17-01-2022
599,Aliquam sed et sit ullam ut.,12,17,Sapiente ducimus.,16-01-2022
600,Corporis et id enim quod facere.,17,18,Nisi.,01-12-2021
601,Dolorem enim quisquam qui iste.,18,15,Dolor praesentium.,12-12-2021
602,Alias cum et sint.,16,20,Odit iusto.,23-12-2021
603,Quia et natus ut dolor.,14,17,Perspiciatis.,23-01-2022
604,Sed vel voluptas commodi eum nihil.,15,20,Voluptas.,09-12-2021
605,Voluptas error quisquam quisquam.,15,15,Omnis nam.,11-12-2021
606,Quasi qui amet excepturi.,19,14,Sapiente accusamus.,12-01-2022
607,Aliquid exercitationem cumque non eligendi omnis neque.,14,16,Fuga harum.,23-01-2022
608,Architecto ipsa ut voluptatem.,11,13,Similique qui.,28-12-2021
609,Ut incidunt omnis illo quisquam voluptatum.,14,18,Quaerat.,15-12-2021
610,Pariatur maxime quia et fugit autem et.,19,13,Qui.,21-12-2021
611,Sit adipisci explicabo labore quia totam.,13,11,Voluptatum.,15-01-2022
612,Sed voluptas unde perspiciatis.,13,16,Voluptatum.,25-01-2022
613,Sequi dolorem sunt sit dolore.,16,10,Ad.,15-12-2021
614,Ut voluptatem minima illum aperiam.,13,12,Voluptatibus aspernatur.,23-01-2022
615,Et cumque et labore veniam.,16,11,Repellendus.,29-12-2021
616,Voluptatem molestiae est excepturi.,10,12,Est quos.,22-12-2021
617,Cum voluptas esse quae fuga.,11,13,Dolores.,29-11-2021
618,Dolor omnis repudiandae quia.,19,15,Et est.,27-12-2021
619,Itaque quia repudiandae dolor quisquam atque.,14,18,Placeat.,26-01-2022
620,Quaerat sequi ut adipisci excepturi atque.,10,11,Tempora ut.,26-12-2021
621,Illo et doloremque temporibus voluptas.,16,19,Vitae.,31-12-2021
622,Aperiam illo quo ipsum quasi.,18,15,Dolores omnis.,11-12-2021
623,Aperiam molestias voluptas voluptas dignissimos consequatur aut.,19,15,Ab est.,29-12-2021
624,Blanditiis dolores corporis sunt est saepe debitis.,14,10,Non earum.,16-01-2022
625,Similique quia et aliquid.,15,13,Ea omnis.,27-11-2021
626,Sapiente vel sed quas sed eveniet veniam.,20,20,At.,01-12-2021
627,Magni veniam aperiam sapiente delectus eos nihil.,15,14,Dolor.,23-01-2022
628,Quo qui ipsam est et.,18,17,Numquam eligendi.,28-11-2021
629,A iure et quis ipsum.,19,10,Id ipsam.,11-12-2021
630,Esse laborum vero explicabo.,11,11,Optio repudiandae.,21-01-2022
631,Quaerat molestiae enim minus non.,16,12,Nam ex.,19-01-2022
632,Error vel eaque sit assumenda sunt cum.,14,16,Voluptatem corporis.,16-01-2022
633,Sequi alias laboriosam ut vel dolor officiis.,13,13,Et nostrum.,30-11-2021
634,Quos rerum alias accusantium officia quam.,10,14,Omnis.,12-12-2021
635,Maxime sed et quo non et.,18,15,At.,06-01-2022
636,Non rerum voluptas ex impedit doloremque.,19,12,Harum.,04-01-2022
637,Cupiditate esse voluptate sunt incidunt minus quaerat.,14,14,Est.,18-01-2022
638,Sed in voluptatum quod quia ab.,19,14,Rerum.,03-01-2022
639,Sed iure vel et.,19,17,Magni.,26-12-2021
640,Consequatur commodi ut ut dolorem quis molestiae.,18,20,Harum nostrum.,25-12-2021
641,Et natus sint voluptates consectetur esse molestias.,12,16,Consectetur hic.,23-01-2022
642,Modi dicta architecto aut minus placeat est.,18,20,Natus.,16-01-2022
643,Qui mollitia unde aut et alias.,10,11,Molestias.,17-01-2022
644,Sapiente iste perferendis enim dolorem rem.,12,20,Sit aut.,27-12-2021
645,Quo rerum maiores odio molestiae odit.,13,17,Fugit nesciunt.,19-01-2022
646,Aliquid voluptatem temporibus eos harum in eius.,19,15,Perspiciatis.,30-12-2021
647,Et rerum voluptatem exercitationem et odio placeat.,10,17,Nemo.,15-12-2021
648,Itaque aliquam consectetur modi.,10,20,Ab.,12-12-2021
649,Sit aut fugiat rerum autem.,19,14,Veritatis vel.,03-01-2022
650,Eum doloribus labore recusandae voluptatem.,16,12,Expedita sed.,29-11-2021
651,Ullam est ratione velit.,10,14,Numquam.,15-12-2021
652,Inventore cupiditate impedit ipsum reprehenderit accusamus reiciendis.,15,18,Voluptatibus.,24-12-2021
653,Dicta et eos commodi esse.,14,14,Eum nulla.,13-12-2021
654,Ratione laudantium voluptatem quisquam.,18,17,Eum sapiente.,19-01-2022
655,Ea aspernatur dolorem asperiores dolorum voluptatibus quia.,19,15,Eos.,23-12-2021
656,Sunt alias dolorum non quae.,16,10,Reiciendis.,29-11-2021
657,Et corrupti dolorem et molestiae quia.,12,12,Quibusdam alias.,21-12-2021
658,Ut quod dolores maxime.,13,20,Ea aliquid.,03-01-2022
659,Molestiae corporis at sed accusamus cumque.,20,17,Aut.,10-01-2022
660,Accusamus eveniet mollitia omnis sint earum.,15,17,Quo.,10-01-2022
661,Sed veritatis assumenda dicta ut ratione sed.,17,15,Officiis deserunt.,22-01-2022
662,Assumenda sapiente nulla praesentium architecto nostrum facere.,15,11,Et.,13-01-2022
663,Aut nulla doloremque nostrum fugit.,11,16,Maiores et.,04-01-2022
664,Nisi neque aut ut.,16,16,Cumque veniam.,06-01-2022
665,Maiores assumenda quod velit.,15,15,Doloremque in.,27-12-2021
666,Expedita quo suscipit autem ut in sit.,15,18,Quaerat.,27-12-2021
667,Optio quam quo accusamus illum aut inventore.,17,14,Libero ratione.,28-11-2021
668,Neque qui tempore reiciendis est magnam quaerat.,12,12,Quia.,01-12-2021
669,Tenetur atque temporibus inventore vel.,12,13,Id.,02-01-2022
670,Unde commodi officia sint similique vitae.,18,20,Doloribus ut.,01-01-2022
671,Laudantium nisi cupiditate voluptatem.,14,17,Nihil laborum.,16-12-2021
672,At rerum velit et cumque et.,18,10,Officiis.,15-12-2021
673,Eos minus aperiam quaerat sed ea.,16,20,Velit.,06-12-2021
674,Vel adipisci officia alias velit non.,19,17,Maxime aliquid.,27-11-2021
675,Nesciunt nobis ut impedit eum consequuntur repellat.,10,10,Dolore adipisci.,08-01-2022
676,Laborum placeat enim ipsum esse.,19,15,Rerum.,03-01-2022
677,Ullam aut sint unde ratione.,14,18,Sint assumenda.,06-12-2021
678,Facere excepturi et sint.,10,20,Itaque.,24-12-2021
679,Accusantium totam et illo.,10,16,Quia sed.,08-01-2022
680,Omnis cupiditate quia iusto nisi dolore quia.,18,16,Laboriosam ea.,17-01-2022
681,Quia laborum ad similique doloribus dolore cupiditate.,16,15,Doloribus minima.,26-01-2022
682,Dolorum provident omnis soluta repellendus quidem.,15,10,Ipsam ipsa.,24-12-2021
683,Ab ut aut omnis.,15,11,Quo.,14-12-2021
684,Ad molestias saepe molestias explicabo voluptatem tempora.,19,13,Impedit doloribus.,07-01-2022
685,Sint quis quia in.,11,12,Soluta eos.,30-11-2021
686,Dolorem eveniet quia veniam ut.,20,20,Eveniet quia.,25-12-2021
687,Necessitatibus quaerat similique debitis ut quibusdam molestiae.,20,10,Ab vitae.,25-12-2021
688,Id sit maiores minima quos qui.,17,11,Qui et.,31-12-2021
689,Blanditiis qui laboriosam delectus et consequuntur ut.,13,11,Id.,17-01-2022
690,Et et quia nemo atque hic dolor.,16,14,Modi dolores.,08-01-2022
691,Et debitis esse perferendis eius culpa.,16,16,Aut nulla.,13-12-2021
692,Fuga doloremque deserunt architecto.,20,20,Quas corporis.,13-12-2021
693,Nobis tempore nihil esse.,20,19,Qui earum.,14-12-2021
694,Quos qui et illo.,12,13,Exercitationem qui.,28-12-2021
695,Ipsa voluptatem autem omnis rem.,13,16,Necessitatibus.,06-12-2021
696,Consequuntur temporibus nesciunt ut et.,10,12,Veniam et.,21-01-2022
697,Non laudantium et aliquam.,20,14,Consectetur.,13-12-2021
698,Beatae voluptatibus qui et voluptatem tempore deleniti.,15,13,Est eligendi.,12-12-2021
699,Ullam et quis excepturi dolor nihil.,10,19,Et.,10-01-2022
700,A nam cum libero sed quaerat.,10,16,Reprehenderit.,16-01-2022
701,Inventore tempore optio mollitia qui qui neque.,14,10,Veniam voluptatum.,05-12-2021
702,Ab eligendi aperiam dignissimos qui ut minima.,10,19,Ipsa.,16-01-2022
703,Voluptatibus et enim animi.,19,20,Error sunt.,28-12-2021
704,Aut quia omnis officiis.,12,10,Numquam.,22-12-2021
705,Eligendi quis fugiat incidunt doloribus quia.,13,11,Vitae.,06-01-2022
706,Qui quis amet voluptas aut.,20,17,Sunt.,08-01-2022
707,Et vitae inventore voluptatem aut ea.,17,19,Autem.,08-12-2021
708,Tenetur eum molestiae iste est architecto et.,11,14,Quos est.,20-01-2022
709,Hic laudantium aspernatur beatae veniam.,20,10,Quae.,27-12-2021
710,Facere non sint incidunt illo.,14,18,Vel quia.,26-12-2021
711,Quis aperiam non eum natus quia.,15,17,Iusto et.,11-12-2021
712,Ut in praesentium nesciunt voluptatum.,20,13,Ipsam qui.,01-12-2021
713,Autem qui accusamus rerum.,19,17,Error.,07-12-2021
714,Sed esse qui harum minus.,12,13,Nemo.,17-01-2022
715,Consequuntur saepe aut id dicta.,11,17,Omnis aut.,13-01-2022
716,Ipsam culpa soluta non facilis.,11,17,Quam iusto.,09-01-2022
717,Expedita aspernatur et totam cupiditate.,15,14,Est ut.,01-12-2021
718,Eum sed sint minima occaecati.,10,16,Rerum.,08-12-2021
719,Blanditiis et cum quis sed unde voluptatibus.,10,12,Asperiores deserunt.,19-01-2022
720,Voluptatem laudantium ut vel.,17,14,Voluptatem reprehenderit.,13-12-2021
721,Modi iusto aut veritatis reiciendis et est.,10,16,Ab.,07-01-2022
722,Aspernatur et praesentium ratione et.,10,17,Provident nostrum.,11-12-2021
723,Aut nihil cupiditate in.,17,20,Vel perferendis.,26-12-2021
724,Voluptates recusandae ea velit totam.,11,14,Minus dolorem.,21-01-2022
725,Aut similique ad corrupti voluptatem.,15,10,Incidunt quae.,04-12-2021
726,Voluptatibus ipsam maxime provident incidunt commodi.,19,18,Culpa.,06-12-2021
727,Rerum fuga qui eveniet et dolores.,14,14,Ut sit.,07-12-2021
728,Rerum reiciendis soluta quo quia.,19,13,Repellat ipsum.,03-01-2022
729,Libero optio qui fuga.,12,14,Cum.,12-01-2022
730,Repudiandae voluptatem sed consequatur id.,11,18,Expedita molestiae.,14-12-2021
731,Qui aut deserunt et.,20,20,Quam.,30-12-2021
732,Corporis est reiciendis incidunt.,18,17,Voluptatibus.,13-01-2022
733,Aliquid ea libero sed similique sed sed.,11,10,Quibusdam.,20-12-2021
734,Itaque vitae itaque delectus sed provident.,16,17,Sequi.,22-01-2022
735,Enim odio quia neque dolores in architecto.,14,16,Dicta iusto.,09-01-2022
736,Distinctio quia placeat rem.,15,11,Dolore hic.,31-12-2021
737,Adipisci numquam est iusto sunt nostrum.,14,12,Accusantium.,30-12-2021
738,Corporis sequi nihil numquam consequatur repudiandae.,16,15,Quis repudiandae.,22-12-2021
739,Et iure repudiandae amet.,18,16,Unde aperiam.,26-12-2021
740,Nostrum dolorem dicta exercitationem dolor iusto numquam.,19,18,Magni omnis.,22-01-2022
741,Culpa et natus dolor qui.,12,17,Exercitationem.,14-01-2022
742,Aut nisi est quisquam et.,19,16,Unde.,29-11-2021
743,Nesciunt in sequi eum possimus necessitatibus accusamus.,15,13,Iste.,24-01-2022
744,Ex delectus voluptas deleniti omnis eum.,17,14,Illum.,13-01-2022
745,Incidunt voluptate alias qui ut ut.,17,18,Ea.,02-12-2021
746,Harum nam incidunt molestiae hic fugiat numquam.,12,12,Deleniti.,04-12-2021
747,Numquam placeat qui dolor ut.,20,11,Similique eveniet.,03-12-2021
748,Temporibus iste vel omnis dolore.,10,18,Esse aut.,28-12-2021
749,Enim facilis molestiae quia provident et praesentium.,20,13,Aut esse.,19-01-2022
750,Nesciunt quisquam est est.,15,13,Est et.,17-01-2022
751,Sequi velit nisi eos ea alias autem.,12,11,Totam aliquid.,06-01-2022
752,Consequatur cum aliquam iure et reprehenderit.,20,12,Ratione est.,08-01-2022
753,Molestiae optio tempora autem ea.,11,13,Dolorem ullam.,23-12-2021
754,Aut placeat fugiat non repudiandae autem alias.,12,20,Aut.,30-12-2021
755,Ipsam nihil architecto aliquid adipisci.,12,14,Molestiae quo.,18-12-2021
756,Ut exercitationem sunt ut voluptatem.,18,13,Voluptatem.,18-01-2022
757,Labore architecto laudantium et dolor sit quidem.,18,20,Et commodi.,12-12-2021
758,In fugit voluptatem assumenda sequi.,10,14,Repellendus omnis.,21-12-2021
759,Quia ut id et alias ut dolores.,11,13,Doloribus.,07-01-2022
760,Debitis laudantium ad in pariatur.,20,17,Cumque saepe.,23-01-2022
761,Consectetur et voluptas fuga qui at.,18,14,Fuga quis.,29-11-2021
762,Iste porro et sunt non recusandae porro.,20,10,Quo eligendi.,03-12-2021
763,Voluptas quo provident aut dolores.,19,14,Voluptas.,07-01-2022
764,Et nam dolores et ipsa id error.,16,11,Ea.,09-01-2022
765,Minima hic sunt ullam et.,15,19,Deleniti nulla.,26-11-2021
766,Molestiae ut sunt non.,16,11,Ut accusantium.,27-12-2021
767,Molestias sit nulla repudiandae consequatur in ut.,16,20,Nam vero.,05-12-2021
768,Dolorum sit minima temporibus minima.,20,15,Velit repudiandae.,04-01-2022
769,Sunt cumque quas numquam quia et.,14,17,Et libero.,14-12-2021
770,Nisi veniam incidunt ducimus velit assumenda.,11,17,Aut suscipit.,15-01-2022
771,Error dolorem molestias est impedit et.,20,19,Corporis modi.,23-01-2022
772,Aliquam pariatur asperiores optio fugiat.,13,13,Quo quia.,31-12-2021
773,Ea reiciendis perspiciatis quia qui quis error natus.,14,12,Qui culpa.,04-01-2022
774,Modi rem odio dolores voluptatem.,15,11,Ratione illo.,22-12-2021
775,Id exercitationem qui quia.,19,11,Dignissimos.,18-12-2021
776,Minima debitis et illum.,14,20,Illo quis.,11-01-2022
777,Tempore aperiam reiciendis doloribus sunt.,13,15,Et.,18-01-2022
778,Nobis reiciendis eum odio incidunt.,20,10,Iusto.,02-01-2022
779,Eum iure fuga id enim aut.,15,14,Nam voluptatem.,20-01-2022
780,Labore illo qui quaerat.,10,20,Sunt dolore.,24-12-2021
781,Ab voluptate voluptatibus omnis.,16,19,Omnis quae.,13-01-2022
782,Dicta non magnam nam rerum dolorem.,19,20,Aut deserunt.,20-12-2021
783,Error sunt dolorum deleniti.,15,13,Est voluptates.,16-01-2022
784,Nobis illo repellat quia.,20,10,Ut et.,19-12-2021
785,Dignissimos quaerat nostrum veritatis voluptate tempore et.,19,16,Voluptate sed.,25-01-2022
786,Eligendi reiciendis et rerum ducimus ab sed.,11,14,Laboriosam.,09-12-2021
787,Expedita placeat occaecati tempore et.,17,14,Totam.,18-12-2021
788,Non qui ut modi.,13,16,Aspernatur.,22-12-2021
789,Laborum quasi omnis recusandae cum.,13,14,Sunt.,13-01-2022
790,Voluptatem ipsa magni quo iusto quam harum.,12,13,Molestiae quibusdam.,06-12-2021
791,Vitae laudantium adipisci aut illo voluptatibus.,12,14,Vel soluta.,12-01-2022
792,Ut voluptatem ipsum voluptatem est dolores.,13,15,Et dolores.,22-01-2022
793,Nemo dolor accusamus ratione et veniam et.,12,12,Itaque.,12-12-2021
794,Est et hic magnam impedit voluptatum velit.,19,14,Est.,21-01-2022
795,Ab commodi corporis velit.,14,17,Dolore.,23-12-2021
796,Consequatur quia maiores nesciunt voluptatibus.,14,18,Beatae.,20-12-2021
797,Aut a delectus sequi reiciendis voluptatem repudiandae.,12,14,Dolores.,05-01-2022
798,Repudiandae dolore aut ut.,15,10,Voluptate et.,05-01-2022
799,Sed autem iure ut eos nobis id.,11,10,Nesciunt.,19-12-2021
800,Voluptatem ut cumque voluptatem accusamus et.,12,14,Totam.,03-12-2021
801,Expedita eos commodi sequi modi illum.,15,12,Ut labore.,21-01-2022
802,Unde nihil ut ut non.,15,20,Voluptatem.,25-12-2021
803,Ut impedit est dolores consequatur temporibus consectetur.,15,16,Animi doloremque.,27-11-2021
804,Velit ut sed amet tenetur.,11,20,Aperiam ea.,07-01-2022
805,In reiciendis delectus sed ea sequi.,15,13,Nihil.,13-01-2022
806,Velit deserunt quia exercitationem cumque.,14,14,Occaecati.,08-12-2021
807,Dolorem corporis nisi non in.,18,11,Quasi.,07-12-2021
808,Quia officiis sed distinctio eius sunt porro.,12,13,Laborum sapiente.,17-12-2021
809,Ipsum et dignissimos eos placeat.,11,11,In.,04-01-2022
810,Qui pariatur est ex perferendis autem blanditiis.,17,16,Magni et.,19-01-2022
811,Officiis voluptatibus voluptas autem.,12,18,Velit.,23-01-2022
812,Saepe voluptates ut id incidunt omnis veritatis.,14,12,Inventore qui.,25-12-2021
813,Eum iure odit ut occaecati eligendi.,11,13,Amet et.,14-12-2021
814,Consectetur fugiat sapiente consequatur.,16,11,Aut.,12-12-2021
815,Sequi quibusdam quas iusto nam.,10,16,Culpa aut.,05-01-2022
816,Et reiciendis vel velit numquam dolorem.,12,15,Eos itaque.,25-12-2021
817,Natus est quis eligendi quia aperiam ad.,11,10,Aut.,12-01-2022
818,Doloremque cumque molestias quam.,14,17,Mollitia officiis.,10-01-2022
819,Voluptas maiores est qui impedit id.,14,20,Repellendus.,18-12-2021
820,Est et qui laborum maiores.,15,20,Non harum.,08-01-2022
821,Accusamus eos exercitationem eos corporis voluptates.,12,19,Quos repudiandae.,27-11-2021
822,Quia et dolorem qui exercitationem.,16,12,Nesciunt.,29-12-2021
823,Veniam molestiae deleniti ea.,14,16,Iusto at.,14-12-2021
824,Non consequatur corporis quam sunt mollitia.,18,19,Iste.,29-11-2021
825,Enim velit assumenda qui.,13,13,Recusandae.,04-12-2021
826,Iste quisquam commodi ullam est quo.,16,20,Qui nulla.,23-12-2021
827,Fugiat ut at commodi necessitatibus ab.,19,16,Blanditiis accusantium.,27-12-2021
828,Consectetur vero ipsum repudiandae.,15,10,Sed ea.,27-12-2021
829,Non amet porro odio ut.,16,16,Hic doloribus.,07-01-2022
830,Eos distinctio temporibus ut.,18,17,Deserunt sit.,26-12-2021
831,Voluptatem repudiandae eos sint ipsam.,12,19,Vel inventore.,22-01-2022
832,Quasi unde a eligendi.,12,16,Saepe consectetur.,11-12-2021
833,Accusamus qui voluptatum laboriosam aut cupiditate.,12,19,Et totam.,01-01-2022
834,Officia cupiditate harum minima ipsa.,12,13,Qui.,16-12-2021
835,Maxime quaerat fugit qui velit.,19,13,Minus.,19-01-2022
836,Itaque a totam magni occaecati dolor vel.,16,20,Qui.,10-01-2022
837,Non assumenda quia quis laborum id.,11,14,Excepturi.,12-12-2021
838,Laboriosam veniam beatae perspiciatis perferendis nihil dignissimos.,11,13,Fuga.,05-01-2022
839,Commodi eligendi ut consequuntur est repellendus.,14,16,Deleniti iste.,05-01-2022
840,Voluptatibus unde sed voluptas.,14,20,Perspiciatis.,28-11-2021
841,Sequi nihil repudiandae modi voluptatem.,19,17,Quasi tempora.,07-01-2022
842,Incidunt rerum non laboriosam.,16,15,Fugit.,16-12-2021
843,Facilis et tempore omnis.,19,15,Sit aperiam.,09-12-2021
844,Quia ea rerum explicabo natus.,17,11,Hic.,14-12-2021
845,Quia suscipit quod iure officia odio voluptatem.,18,20,Aut.,21-01-2022
846,Blanditiis adipisci enim necessitatibus optio fuga cum.,11,14,Consequatur rerum.,11-01-2022
847,Recusandae veniam aliquid et assumenda suscipit occaecati.,18,13,Nulla quia.,13-01-2022
848,Dolorum et qui quibusdam non.,15,15,Iure molestiae.,03-12-2021
849,Et possimus id asperiores est.,15,17,Sit eveniet.,07-01-2022
850,Eos repellat dolor tempore.,19,11,Vel voluptas.,19-12-2021
851,Rerum quia molestias exercitationem odio.,15,17,Est.,22-01-2022
852,Ratione consequatur occaecati incidunt.,16,15,Suscipit.,14-01-2022
853,Aperiam dolorem officiis totam.,18,11,Quam consectetur.,18-12-2021
854,Vel ea sit repellendus.,10,16,Perferendis eaque.,23-01-2022
855,Et dolor nisi ipsa consequatur.,13,12,Ut.,27-12-2021
856,Vel aspernatur velit ea.,17,20,Cupiditate.,07-01-2022
857,Voluptatem suscipit fugiat est vel.,11,12,Molestiae.,27-11-2021
858,Eligendi rerum aut eligendi.,12,11,Et.,08-12-2021
859,Error doloremque in fugit id aut.,15,11,Dolor culpa.,24-01-2022
860,Culpa rerum vel tenetur veritatis dolorem fuga.,20,10,Illum.,04-12-2021
861,Adipisci enim fuga dolor deleniti in.,18,20,Repellat molestias.,14-01-2022
862,Unde quis eum quia.,19,13,Neque.,07-12-2021
863,Inventore cum inventore consequatur et fugiat sed.,10,20,Sed.,18-01-2022
864,Autem qui et tempore occaecati aut ea.,18,16,Laudantium quo.,23-01-2022
865,Aut et rerum inventore quam recusandae.,17,17,Est.,21-12-2021
866,Perferendis quidem et facilis placeat.,17,17,Omnis id.,25-01-2022
867,Quibusdam quasi deserunt repellendus.,10,20,Ratione.,15-01-2022
868,Eum doloremque quae amet.,17,12,Maxime.,18-01-2022
869,Error rem impedit incidunt voluptatum.,18,19,Placeat.,09-01-2022
870,Enim voluptatem nemo aut commodi ducimus earum.,20,20,Quam nisi.,20-01-2022
871,Similique quis iusto laborum iusto non rerum accusantium.,19,18,Quia sit.,14-01-2022
872,Sint fugit culpa nam quis velit dolorem.,17,15,Non.,28-11-2021
873,Voluptatum quod ut impedit ut.,20,18,Excepturi velit.,29-11-2021
874,Facilis adipisci est excepturi.,10,15,Numquam.,20-01-2022
875,Blanditiis accusantium non asperiores omnis.,13,10,Voluptas.,03-01-2022
876,Ea cum ullam eius ex modi.,20,14,Aut.,10-01-2022
877,Commodi sunt sed doloribus magnam laudantium.,20,20,Laudantium mollitia.,13-01-2022
878,Soluta accusamus dolorem rerum.,15,15,Saepe tenetur.,26-11-2021
879,Sequi vel architecto consequatur repudiandae.,15,20,Aliquam quis.,23-12-2021
880,Numquam aut esse facilis laboriosam similique quibusdam.,14,20,Totam sunt.,26-01-2022
881,Occaecati consequatur possimus id.,20,20,Officiis ea.,17-01-2022
882,Aut omnis aspernatur ad.,13,14,Velit.,18-12-2021
883,Nisi laboriosam voluptates non voluptas ipsa.,14,18,Reiciendis rerum.,05-01-2022
884,Necessitatibus fuga et vero reprehenderit architecto.,14,14,Et dolorem.,15-01-2022
885,Sint enim quae ipsa ea rerum magnam.,10,16,Voluptas.,06-12-2021
886,Enim consequuntur mollitia et tempore laborum.,12,11,Voluptatem quia.,28-11-2021
887,Quisquam est et necessitatibus reprehenderit sit soluta.,17,11,Ipsa eum.,02-12-2021
888,Dolor quaerat nostrum vitae amet dolores minus.,18,12,Voluptates distinctio.,26-01-2022
889,Blanditiis consequatur nisi officia in nulla.,13,14,Explicabo repellat.,08-12-2021
890,Aspernatur nam quisquam nihil modi est cupiditate.,19,15,At.,04-12-2021
891,Ipsam ducimus labore et autem porro amet.,13,11,Blanditiis.,01-12-2021
892,Ut laborum iste reiciendis amet omnis.,17,14,Vel.,06-12-2021
893,Sunt a qui vero explicabo laudantium.,12,14,Eveniet delectus.,05-01-2022
894,Vero numquam consequatur aut aut ad sapiente.,13,14,Ut culpa.,19-12-2021
895,Error debitis non provident.,19,14,In.,24-12-2021
896,Voluptatum consectetur voluptatem magni.,14,15,Dignissimos perspiciatis.,03-01-2022
897,Error et quia minima quia.,17,12,Sit beatae.,02-12-2021
898,Quia tempore qui officiis dolore.,20,17,Dolorem quidem.,07-01-2022
899,Sint voluptas est corrupti et perferendis architecto.,12,14,Quia officia.,09-01-2022
900,Accusantium consequatur aut impedit facilis.,20,17,Iste.,19-12-2021
901,Impedit earum amet at delectus ea iste.,14,19,Sequi ad.,29-11-2021
902,Quidem quod natus quo maiores veritatis provident.,12,11,Accusamus.,31-12-2021
903,Omnis minima ipsam eos alias necessitatibus tempora.,10,16,Similique pariatur.,02-01-2022
904,Ex accusamus aliquid dignissimos.,20,11,Dignissimos.,15-12-2021
905,Facere consequatur porro et laudantium atque.,18,11,Ducimus est.,27-12-2021
906,Quos accusamus debitis omnis eum fugiat non.,20,11,Sit fugiat.,20-12-2021
907,Tenetur earum vel a.,16,17,Quasi distinctio.,13-01-2022
908,Nihil magni adipisci culpa ullam explicabo autem.,20,15,Et dignissimos.,27-12-2021
909,Odio odio ad quaerat sed enim aliquam.,19,19,Doloremque.,01-12-2021
910,Sapiente ut distinctio tenetur labore.,13,18,Blanditiis et.,18-01-2022
911,Soluta minus vel magni voluptatum perferendis non.,19,15,Asperiores.,25-01-2022
912,Omnis animi minima quis molestias sed officiis.,19,15,Harum aut.,25-01-2022
913,Sunt aliquid dicta rem.,12,10,Sit.,17-12-2021
914,Quia veniam temporibus debitis quas rem.,20,10,Dolorum nam.,07-01-2022
915,Deleniti laborum qui qui est.,14,18,Eligendi et.,22-12-2021
916,Commodi deserunt praesentium laboriosam quo quia.,11,10,Facilis.,28-12-2021
917,Enim et dolor et.,12,12,Ut.,24-12-2021
918,Dolorum cumque aut odio quas.,13,16,Aspernatur.,01-01-2022
919,Architecto nihil ut et nostrum cum eligendi.,11,10,Dolores labore.,03-12-2021
920,Fugiat consequatur iste quia.,13,18,Officiis.,31-12-2021
921,Dignissimos minus corrupti velit molestias.,13,17,Repellat.,01-01-2022
922,Est nulla soluta qui.,12,20,Aut.,28-11-2021
923,Sit ut non aut fugit velit rerum suscipit.,13,12,Et.,01-01-2022
924,Harum provident atque nihil ab.,18,19,Eum nisi.,03-12-2021
925,Rerum vel delectus nihil voluptatem quos.,10,18,Nisi quaerat.,07-12-2021
926,Ratione accusantium fugiat eum distinctio nulla.,14,14,Voluptatibus.,10-01-2022
927,Ut neque ducimus nobis.,14,15,Quo.,30-12-2021
928,Velit culpa quia nisi.,15,20,Alias.,17-12-2021
929,Id doloremque repellat asperiores distinctio est eius.,18,16,Amet.,02-12-2021
930,Et velit doloribus rerum rem dolorum enim.,16,14,Aut est.,09-01-2022
931,Autem inventore quia tempore doloribus aspernatur blanditiis.,17,14,Non eum.,07-12-2021
932,Consectetur aut dignissimos labore aut deserunt.,12,11,Recusandae.,02-12-2021
933,Magni et est sed ad hic.,20,11,A.,19-12-2021
934,Nihil quis numquam dolorem cum est tenetur.,12,16,Non.,03-12-2021
935,Dolorem ea consequatur animi eaque totam magnam.,13,14,Veritatis voluptatum.,03-01-2022
936,Placeat quod qui quia aut error.,15,18,Accusamus.,20-01-2022
937,Similique illum sed eum iusto nisi.,17,16,Quia.,29-11-2021
938,Alias tempora pariatur voluptas voluptas possimus officiis.,18,15,Neque et.,20-12-2021
939,Qui adipisci quisquam et.,11,10,Minus velit.,05-01-2022
940,Expedita laudantium dolore dolores repudiandae qui rerum.,12,12,Aut.,03-01-2022
941,Laudantium est sapiente aut.,11,20,Nemo.,23-01-2022
942,Odio aliquid dicta atque natus.,19,10,Quo nihil.,02-12-2021
943,Et odit voluptatum et.,15,19,Tenetur.,28-11-2021
944,Qui sint commodi qui.,11,16,Sed.,29-12-2021
945,Cum fugiat repellat aspernatur quia voluptatem.,16,19,Eum qui.,24-01-2022
946,Officiis voluptas tempore vero aliquid libero consectetur.,12,13,Culpa.,05-01-2022
947,Perspiciatis impedit culpa quia minima voluptatem.,14,18,Unde iste.,20-01-2022
948,Sit et beatae dolor.,11,15,Id.,04-01-2022
949,Blanditiis nobis non dolor qui.,16,17,Est.,12-12-2021
950,Et velit dolor alias.,11,17,Dicta architecto.,16-01-2022
951,Delectus inventore corrupti aut eum.,19,15,Voluptas.,26-01-2022
952,Vel omnis dolores facilis earum alias.,12,19,Cupiditate.,26-01-2022
953,Ipsam numquam suscipit delectus dolores qui eum.,13,11,Explicabo illo.,17-12-2021
954,Optio praesentium ut et doloremque.,11,15,Eaque quo.,11-01-2022
955,Consectetur voluptatem consequatur quisquam.,12,18,Doloremque.,12-01-2022
956,Rerum enim assumenda illum ratione.,16,17,Temporibus ducimus.,03-12-2021
957,Pariatur repellendus voluptatem mollitia sed sed.,11,16,Accusamus.,05-12-2021
958,Sit labore magni ut vel qui.,15,14,Repellat voluptas.,03-01-2022
959,Qui molestiae placeat repellat.,15,15,Et ullam.,03-01-2022
960,Explicabo et perferendis et voluptas.,19,14,Sequi enim.,26-11-2021
961,Ad iure modi quod.,11,10,Quas.,03-01-2022
962,Adipisci facilis laboriosam dolor iste.,14,16,Voluptas vel.,31-12-2021
963,Molestiae et consequatur a.,10,14,Fugiat amet.,18-01-2022
964,Qui necessitatibus eos libero iste non.,11,12,Quia.,14-12-2021
965,Libero atque expedita quidem sint aut ex.,13,11,Voluptatem.,06-12-2021
966,Quibusdam molestiae provident quis fugit.,11,18,Et consequatur.,22-12-2021
967,Quia consequatur ut molestiae pariatur perferendis.,12,15,Omnis repudiandae.,18-01-2022
968,Quo adipisci nihil eveniet est natus.,12,11,Minima.,29-12-2021
969,Molestiae officiis doloremque voluptatem sunt iure.,14,17,Cupiditate non.,17-01-2022
970,Consequatur eveniet accusamus eius quos beatae.,19,11,Necessitatibus eaque.,02-12-2021
971,Enim vel cupiditate ex.,20,14,Et.,09-12-2021
972,Sunt delectus cupiditate ullam.,10,11,Quis nihil.,14-01-2022
973,Quae quia eos vitae dolorem.,17,11,Quisquam id.,07-01-2022
974,Fuga harum occaecati voluptas et.,17,12,Eaque totam.,22-12-2021
975,Dicta molestias aliquid vitae possimus.,11,17,Ut modi.,01-01-2022
976,Quos rem qui tempore veritatis tenetur.,19,20,Odio dolores.,17-01-2022
977,Eum iste quisquam adipisci.,15,11,Labore.,07-01-2022
978,Recusandae quidem et iure ut.,13,20,Eveniet aut.,26-12-2021
979,Iusto ipsum numquam tempora aut.,18,19,Provident.,02-01-2022
980,Ut sequi hic facilis architecto illo.,13,14,Reprehenderit eum.,06-12-2021
981,Nam modi et et harum.,19,10,Voluptas.,13-01-2022
982,Harum labore minima incidunt.,19,13,Aut doloremque.,20-01-2022
983,Nostrum sapiente enim aut.,13,14,Est.,03-01-2022
984,Ullam officiis ducimus quas voluptatum adipisci neque.,18,15,Corporis.,15-01-2022
985,Dicta natus aut vel.,10,16,Voluptas consequuntur.,30-12-2021
986,Possimus unde qui provident eos tenetur temporibus.,17,13,Corporis consequatur.,17-12-2021
987,Id explicabo quae labore.,20,15,Itaque molestias.,08-01-2022
988,Quia est optio impedit veniam harum.,11,16,Ullam commodi.,14-01-2022
989,Odio doloremque reiciendis nemo est exercitationem.,13,11,Tenetur.,28-11-2021
990,Quis distinctio eveniet repellat dolore ad.,20,11,Aperiam illum.,29-11-2021
991,Molestiae sed id debitis.,18,12,Ad dolore.,17-12-2021
992,Minima laudantium accusantium deserunt eos.,16,15,Necessitatibus.,20-12-2021
993,Enim aliquid rem non.,17,11,Similique sunt.,06-01-2022
994,Et illum sunt dolorum deserunt voluptates.,12,16,Id magnam.,09-12-2021
995,Earum molestiae velit soluta sint vel.,13,14,Cumque.,02-12-2021
996,Earum necessitatibus iusto omnis id molestiae.,18,15,Nobis aut.,29-12-2021
997,Ducimus veniam aut sit.,13,17,Nulla sint.,08-01-2022
998,Pariatur vero praesentium dolores facere quidem repellendus.,12,14,Voluptatem.,06-12-2021
999,Quasi sed eaque fugit officia eos.,17,20,In rerum.,05-12-2021
1000,Eveniet odit commodi id dicta et aspernatur.,17,17,Nemo voluptatem.,16-12-2021
